Year,Age,Scenario,Baseyear,Currently.Impacted,Impact.year,popsize.mean,popsize.sd,popsize.median,popsize.q1%,popsize.q2.5%,popsize.q5%,popsize.q10%,popsize.q20%,popsize.q25%,popsize.q33%,popsize.q66%,popsize.q75%,popsize.q80%,popsize.q90%,popsize.q95%,popsize.q97.5%,popsize.q99%,pgr.median,pgr.mean,pgr.sd,pgr.cilo,pgr.cihi,agr.median,agr.mean,agr.sd,agr.cilo,agr.cihi,ppc.median,ppc.mean,ppc.sd,ppc.cilo,ppc.cihi,m1.median,m1.mean,m1.sd,m1.cilo,m1.cihi,m2.median,m2.mean,m2.sd,m2.cilo,m2.cihi,m3,m4,m5,m6
2016,breeding.pairs,baseline,2011,TRUE,4,56835.3290239599,0,56835.3290239599,56835.3290239599,56835.3290239599,56835.3290239599,56835.3290239599,56835.3290239599,56835.3290239599,56835.3290239599,56835.3290239599,56835.3290239599,56835.3290239599,56835.3290239599,56835.3290239599,56835.3290239599,56835.3290239599,1.85891518122323,1.85891518122323,0,1.85891518122323,1.85891518122323,1.13201430466961,1.13201430466961,0,1.13201430466961,1.13201430466961,85.8915181223231,85.8915181223231,0,85.8915181223231,85.8915181223231,1,1,0,1,1,1,1,0,1,1,100,100,0,100
2016,breeding.pairs,scen1,2011,TRUE,4,64242.1113662179,148.764146384036,64242.1113662179,64139.0230722464,64142.1788363476,64147.4384431829,64157.9576568534,64178.9960841945,64189.5152978651,64206.346039738,64275.7728499637,64294.7074345707,64305.2266482412,64326.2650755823,64336.7842892529,64342.0438960882,64345.1996601894,2.10116908168425,2.10116908168425,0.00486563436658263,2.09790058478163,2.10443757858686,1.16009113255859,1.16009113255859,0.000537280333609376,1.15973021371966,1.16045205139752,110.116908168425,110.116908168425,0.486563436658244,109.790058478163,110.443757858686,1.02480253807144,1.02480253807144,0.000474623272332349,1.02448370920378,1.02512136693909,1.13032003983184,1.13032003983184,0.00261745905124128,1.12856175793946,1.13207832172422,100,0,0,100
2016,breeding.pairs,scen2,2011,TRUE,4,58394.9885950923,0.348082281974916,58394.9885950923,58394.7473863772,58394.7547703174,58394.7670768845,58394.7916900187,58394.8409162871,58394.8655294213,58394.9049104361,58395.0673571218,58395.1116607633,58395.1362738975,58395.1855001659,58395.2101133001,58395.2224198672,58395.2298038075,1.90992702375336,1.90992702375336,1.13847399037108e-05,1.90991937603791,1.90993467146881,1.1381600949359,1.1381600949359,1.35687452863337e-06,1.13815918345348,1.13816100641832,90.9927023753359,90.9927023753359,0.00113847399036291,90.991937603791,90.9934671468807,1.00542907473955,1.00542907473955,1.19863726368113e-06,1.00542826955324,1.00542987992586,1.02744172679065,1.02744172679065,6.12439987498659e-06,1.02743761271621,1.0274458408651,100,0,0,100
2016,breeding.pairs,scen3,2011,TRUE,4,67086.0749282384,322.957802627847,67086.0749282384,66862.2765890086,66869.1275585769,66880.5458411907,66903.3824064182,66949.0555368732,66971.8921021008,67008.4306064648,67159.1519369665,67200.257754376,67223.0943196036,67268.7674500586,67291.6040152861,67303.0222978999,67309.8732674681,2.19418670172929,2.19418670172929,0.0105629926404809,2.18709099618987,2.20128240726871,1.17018442422123,1.17018442422123,0.00112667671221017,1.16942757751499,1.17094127092747,119.418670172929,119.418670172929,1.05629926404809,118.709099618987,120.128240726871,1.03371876079142,1.03371876079142,0.000995284871898384,1.0330501767434,1.03438734483945,1.18035869731584,1.18035869731584,0.00568234244745383,1.1765415755821,1.18417581904958,100,0,0,100
2017,breeding.pairs,baseline,2011,TRUE,5,64338.537844992,0,64338.537844992,64338.537844992,64338.537844992,64338.537844992,64338.537844992,64338.537844992,64338.537844992,64338.537844992,64338.537844992,64338.537844992,64338.537844992,64338.537844992,64338.537844992,64338.537844992,64338.537844992,2.10432290604567,2.10432290604567,0,2.10432290604567,2.10432290604567,1.13201469286464,1.13201469286464,0,1.13201469286464,1.13201469286464,110.432290604567,110.432290604567,0,110.432290604567,110.432290604567,1,1,0,1,1,1,1,0,1,1,100,100,0,100
2017,breeding.pairs,scen1,2011,TRUE,5,74912.4312366807,223.199156237041,74912.4312366807,74757.762112489,74762.4968815969,74770.3881634434,74786.1707271365,74817.7358545225,74833.5184182156,74858.7705201244,74962.9354404984,74991.3440551459,75007.1266188389,75038.691746225,75054.474309918,75062.3655917645,75067.1003608724,2.45016362321931,2.45016362321931,0.007300182951177,2.44525971479406,2.45506753164456,1.16108954395127,1.16108954395127,0.000576572261385612,1.1607022307032,1.16147685719935,145.016362321931,145.016362321931,0.730018295117714,144.525971479407,145.506753164456,1.02568416405715,1.02568416405715,0.00050933284260348,1.02534201898561,1.02602630912869,1.16434774158474,1.16434774158474,0.00346913628616782,1.16201734428157,1.16667813888791,100,0,0,100
2017,breeding.pairs,scen2,2011,TRUE,5,66778.7090981731,4.1602592029968,66778.7090981731,66775.826185629,66775.9144380538,66776.0615254285,66776.3557001779,66776.9440496767,66777.2382244261,66777.7089040251,66779.6504573711,66780.17997192,66780.4741466694,66781.0624961682,66781.3566709176,66781.5037582923,66781.5920107171,2.18413367630461,2.18413367630461,0.000136069749627313,2.18404227125407,2.18422508135516,1.13905982859223,1.13905982859223,1.18270833166482e-05,1.13905188373195,1.1390677734525,118.413367630461,118.413367630461,0.0136069749627338,118.404227125407,118.422508135516,1.00622353735512,1.00622353735512,1.04478178517605e-05,1.00621651901841,1.00623055569183,1.03792705484014,1.03792705484014,6.46620103959179e-05,1.0378836180414,1.03797049163887,100,0,0,100
2017,breeding.pairs,scen3,2011,TRUE,5,78554.9280977029,445.279475069092,78554.9280977029,78246.3651640853,78255.8109681756,78271.5539749929,78303.0399886273,78366.0120158962,78397.4980295307,78447.8756513458,78655.6833413332,78712.3581658752,78743.8441795097,78806.8162067786,78838.302220413,78854.0452272303,78863.4910313206,2.56929890102614,2.56929890102614,0.0145637720465046,2.55951566615109,2.57908213590119,1.17031279718766,1.17031279718766,0.0011056360896203,1.16957008454999,1.17105550982533,156.929890102614,156.929890102614,1.45637720465049,155.951566615109,157.908213590119,1.03383180851311,1.03383180851311,0.000976697649411609,1.03317571045859,1.03448790656762,1.22096228370875,1.22096228370875,0.00692088272415969,1.216313170758,1.22561139665949,100,0,0,100
2018,breeding.pairs,baseline,2011,TRUE,6,72832.2858142872,0,72832.2858142872,72832.2858142872,72832.2858142872,72832.2858142872,72832.2858142872,72832.2858142872,72832.2858142872,72832.2858142872,72832.2858142872,72832.2858142872,72832.2858142872,72832.2858142872,72832.2858142872,72832.2858142872,72832.2858142872,2.38212823095107,2.38212823095107,0,2.38212823095107,2.38212823095107,1.13201494966751,1.13201494966751,0,1.13201494966751,1.13201494966751,138.212823095107,138.212823095107,0,138.212823095107,138.212823095107,1,1,0,1,1,1,1,0,1,1,100,100,0,100
2018,breeding.pairs,scen1,2011,TRUE,6,87365.2541878247,318.39537204082,87365.2541878247,87144.6174516896,87151.3716374896,87162.6286138231,87185.1425664899,87230.1704718236,87252.6844244905,87288.7067487574,87437.2988363586,87477.8239511589,87500.3379038258,87545.3658091595,87567.8797618263,87579.1367381598,87585.8909239598,2.85745855808646,2.85745855808646,0.0104137690567144,2.85046309370463,2.86445402246829,1.16182258587508,1.16182258587508,0.000604882079868918,1.16141625546561,1.16222891628455,185.745855808646,185.745855808646,1.04137690567142,185.046309370463,186.445402246829,1.02633148636096,1.02633148636096,0.000534341070360068,1.02597254197636,1.02669043074556,1.19954019307584,1.19954019307584,0.00437162404668563,1.19660354831804,1.20247683783364,100,0,0,100
2018,breeding.pairs,scen2,2011,TRUE,6,76373.6956087422,9.31362928626183,76373.6956087422,76367.2415929249,76367.4391648377,76367.768451359,76368.4270244016,76369.7441704867,76370.4027435293,76371.4564603974,76375.8030424784,76376.9884739551,76377.6470469976,76378.9641930828,76379.6227661254,76379.9520526467,76380.1496245594,2.4979572503814,2.4979572503814,0.000304621213069951,2.49775262064222,2.49816188012058,1.13971918060824,1.13971918060824,1.98552317181704e-05,1.1397058428277,1.13973251838878,149.79572503814,149.79572503814,0.0304621213070265,149.775262064221,149.816188012058,1.00680576784167,1.00680576784167,1.75397257112688e-05,1.00679398550562,1.00681755017771,1.04862417477168,1.04862417477168,0.000127877756164445,1.04853827270456,1.0487100768388,100,0,0,100
2018,breeding.pairs,scen3,2011,TRUE,6,91988.3982095692,600.082044926245,91988.3982095692,91572.5625679983,91585.2922304954,91606.5083346572,91648.9405429807,91733.8049596279,91776.2371679514,91844.1287012691,92124.1812762046,92200.5592511871,92242.9914595106,92327.8558761577,92370.2880844813,92391.5041886431,92404.2338511402,3.00866789837864,3.00866789837864,0.0196269053500618,2.99548349640525,3.02185230035204,1.1704115883453,1.1704115883453,0.00109073981506607,1.16967888230154,1.17114429438906,200.866789837864,200.866789837864,1.96269053500617,199.548349640525,202.185230035204,1.03391884417168,1.03391884417168,0.000963538348487809,1.03327158589654,1.03456610244683,1.2630167676479,1.2630167676479,0.00823923124500552,1.25748205217705,1.26855148311876,100,0,0,100
2019,breeding.pairs,baseline,2011,TRUE,7,82447.3400039158,0,82447.3400039158,82447.3400039158,82447.3400039158,82447.3400039158,82447.3400039158,82447.3400039158,82447.3400039158,82447.3400039158,82447.3400039158,82447.3400039158,82447.3400039158,82447.3400039158,82447.3400039158,82447.3400039158,82447.3400039158,2.69660815933945,2.69660815933945,0,2.69660815933945,2.69660815933945,1.13201512754815,1.13201512754815,0,1.13201512754815,1.13201512754815,169.660815933945,169.660815933945,0,169.660815933945,169.660815933945,1,1,0,1,1,1,1,0,1,1,100,100,0,100
2019,breeding.pairs,scen1,2011,TRUE,7,101884.925381161,439.219114822901,101884.925381161,101580.562062934,101589.879307369,101605.408048095,101636.465529547,101698.580492451,101729.637973902,101779.329944225,101984.309321807,102040.212788421,102071.270269872,102133.385232776,102164.442714228,102179.971454954,102189.288699389,3.33235397386359,3.33235397386359,0.0143655556226925,3.32270389115709,3.34200405657009,1.16236806666962,1.16236806666962,0.000626363306493626,1.16194730621519,1.16278882712405,233.235397386359,233.235397386359,1.43655556226925,232.270389115709,234.200405657009,1.02681319214101,1.02681319214101,0.000553317081415897,1.02644150059361,1.0271848836884,1.23575758024846,1.23575758024846,0.00532726846981405,1.23217897997127,1.23933618052566,100,0,0,100
2019,breeding.pairs,scen2,2011,TRUE,7,87344.69773998,15.4173432768184,87344.69773998,87334.0140661606,87334.3411174,87334.886202799,87335.9763735968,87338.1567151926,87339.2468859905,87340.9911592671,87348.1862865332,87350.1485939694,87351.2387647673,87353.4191063631,87354.509277161,87355.05436256,87355.3814137993,2.85678621759636,2.85678621759636,0.000504255609381854,2.85644748316356,2.85712495202917,1.14020966339673,1.14020966339673,2.51575143265336e-05,1.1401927638002,1.14022656299326,185.678621759636,185.678621759636,0.0504255609381992,185.644748316356,185.712495202917,1.00723889252816,1.00723889252816,2.22236555981447e-05,1.00722396375547,1.00725382130086,1.05939982703907,1.05939982703907,0.000186996248467033,1.05927421203949,1.05952544203865,100,0,0,100
2019,breeding.pairs,scen3,2011,TRUE,7,107718.053149681,794.526369323366,107718.053149681,107167.474465773,107184.32891528,107212.419664459,107268.601162817,107380.964159533,107437.145657891,107527.036055264,107897.833944427,107998.960641471,108055.142139829,108167.505136545,108223.686634903,108251.777384082,108268.63183359,3.52313829673335,3.52313829673335,0.0259866029665239,3.5056817587146,3.5405948347521,1.17048422602629,1.17048422602629,0.00107919338524446,1.16975927631342,1.17120917573916,252.313829673335,252.313829673335,2.59866029665241,250.56817587146,254.05948347521,1.03398284841074,1.03398284841074,0.000953338307043611,1.03334244202815,1.03462325479334,1.30650731903013,1.30650731903013,0.00963677383995202,1.30003380230568,1.31298083575457,100,0,0,100
2020,breeding.pairs,baseline,2011,TRUE,8,93332.2362243622,0,93332.2362243622,93332.2362243622,93332.2362243622,93332.2362243622,93332.2362243622,93332.2362243622,93332.2362243622,93332.2362243622,93332.2362243622,93332.2362243622,93332.2362243622,93332.2362243622,93332.2362243622,93332.2362243622,93332.2362243622,3.05262085738677,3.05262085738677,0,3.05262085738677,3.05262085738677,1.13201593629617,1.13201593629617,0,1.13201593629617,1.13201593629617,205.262085738677,205.262085738677,0,205.262085738677,205.262085738677,1,1,0,1,1,1,1,0,1,1,100,100,0,100
2020,breeding.pairs,scen1,2011,TRUE,8,118819.114565058,591.434410254267,118819.114565058,118409.271428582,118421.817647046,118442.728011151,118484.548739363,118568.190195787,118610.010923999,118676.924089137,118952.940895335,119028.218206116,119070.038934328,119153.680390752,119195.501118964,119216.41148307,119228.957701533,3.88622111770259,3.88622111770259,0.0193440668471539,3.87322671290141,3.89921552250377,1.16279402286047,1.16279402286047,0.00064310565640248,1.16236201570834,1.1632260300126,288.622111770259,288.622111770259,1.9344066847154,287.322671290141,289.921552250377,1.02718873964354,1.02718873964354,0.000568106539654135,1.02680711325625,1.02757036603084,1.27307690645521,1.27307690645521,0.00633687174099743,1.26882010372462,1.2773337091858,100,0,0,100
2020,breeding.pairs,scen2,2011,TRUE,8,99892.7783418641,23.1984947160836,99892.7783418641,99876.7026051956,99877.1947195834,99878.0149102297,99879.6552915224,99882.9360541079,99884.5764354006,99887.2010454689,99898.0275620008,99900.9802483276,99902.6206296203,99905.9013922058,99907.5417734985,99908.3619641448,99908.8540785326,3.26719674792376,3.26719674792376,0.000758754013565659,3.26668705382092,3.26770644202659,1.1405926981517,1.1405926981517,2.94315947285544e-05,1.1405729274355,1.14061246886791,226.719674792376,226.719674792376,0.0758754013565658,226.668705382092,226.770644202659,1.0075765380862,1.0075765380862,2.59992759685575e-05,1.00755907303507,1.00759400313732,1.07029234895573,1.07029234895573,0.000248558222266581,1.07012537961147,1.07045931829999,100,0,0,100
2020,breeding.pairs,scen3,2011,TRUE,8,126138.054443315,1037.72410858963,126138.054443315,125418.948324214,125440.961776839,125477.650864549,125551.029039967,125697.785390804,125771.163566222,125888.568646892,126372.864604654,126504.945320407,126578.323495825,126725.079846662,126798.458022081,126835.14710979,126857.160562415,4.12560195148675,4.12560195148675,0.0339408803029078,4.1028021161962,4.14840178677729,1.17054133558501,1.17054133558501,0.00107000267169012,1.16982255974723,1.1712601114228,312.560195148675,312.560195148675,3.39408803029082,310.28021161962,314.840178677729,1.03403255913065,1.03403255913065,0.000945218735339541,1.03339760708206,1.03466751117924,1.35149504122124,1.35149504122124,0.0111186032883112,1.34402610342787,1.3589639790146,100,0,0,100
2021,breeding.pairs,baseline,2011,TRUE,9,105654.027581911,0,105654.027581911,105654.027581911,105654.027581911,105654.027581911,105654.027581911,105654.027581911,105654.027581911,105654.027581911,105654.027581911,105654.027581911,105654.027581911,105654.027581911,105654.027581911,105654.027581911,105654.027581911,3.45563013713876,3.45563013713876,0,3.45563013713876,3.45563013713876,1.13201641716424,1.13201641716424,0,1.13201641716424,1.13201641716424,245.563013713876,245.563013713876,0,245.563013713876,245.563013713876,1,1,0,1,1,1,1,0,1,1,100,100,0,100
2021,breeding.pairs,scen1,2011,TRUE,9,138567.355648507,781.834130192307,138567.355648507,138025.572237589,138042.157444046,138069.799454807,138125.083476329,138235.651519373,138290.935540896,138379.389975331,138744.264517378,138843.775756118,138899.05977764,139009.627820684,139064.911842206,139092.553852968,139109.139059424,4.53212755975035,4.53212755975035,0.0255714774379195,4.51494988290411,4.5493052365966,1.16313440298624,1.16313440298624,0.000656275027283049,1.16269354929023,1.16357525668225,353.212755975035,353.212755975035,2.557147743792,351.494988290411,354.93052365966,1.02748898810139,1.02748898810139,0.000579739849468784,1.02709954702145,1.02787842918133,1.31151986175897,1.31151986175897,0.007399946297231,1.30654893716214,1.3164907863558,100,0,0,100
2021,breeding.pairs,scen2,2011,TRUE,9,114243.071578403,33.0136478890552,114243.071578403,114220.194287595,114220.894612824,114222.061821538,114224.396238968,114229.065073827,114231.399491256,114235.134559143,114250.541714177,114254.74366555,114257.078082979,114261.746917838,114264.081335268,114265.248543982,114265.948869211,3.73655231268457,3.73655231268457,0.00107977858670704,3.73582696986177,3.73727765550737,1.14089875410935,1.14089875410935,3.29693781372207e-05,1.14087660688204,1.14092090133666,273.655231268457,273.655231268457,0.107977858670709,273.582696986177,273.727765550737,1.00784647361154,1.00784647361154,2.91244699610732e-05,1.00782690920685,1.00786603801624,1.08129405185082,1.08129405185082,0.000312469374283593,1.08108415009802,1.08150395360361,100,0,0,100
2021,breeding.pairs,scen3,2011,TRUE,9,147708.203650117,1340.32535796186,147708.203650117,146779.405563498,146807.838157987,146855.225815467,146950.001130429,147139.551760351,147234.327075312,147385.96757925,148011.484657993,148182.080224923,148276.855539884,148466.406169806,148561.181484767,148608.569142248,148637.001736736,4.83109760903581,4.83109760903581,0.0438380704129189,4.80164932201585,4.86054589605576,1.17058721529893,1.17058721529893,0.00106222200683011,1.16987366613398,1.17130076446388,383.109760903581,383.109760903581,4.3838070412919,380.164932201585,386.054589605576,1.03407264907988,1.03407264907988,0.000938345054651276,1.0334423144362,1.03470298372355,1.3980366582391,1.3980366582391,0.0126859845160445,1.38951482984565,1.40655848663256,100,0,0,100
2022,breeding.pairs,baseline,2011,TRUE,10,119602.308053117,0,119602.308053117,119602.308053117,119602.308053117,119602.308053117,119602.308053117,119602.308053117,119602.308053117,119602.308053117,119602.308053117,119602.308053117,119602.308053117,119602.308053117,119602.308053117,119602.308053117,119602.308053117,3.91183705570791,3.91183705570791,0,3.91183705570791,3.91183705570791,1.1320166015488,1.1320166015488,0,1.1320166015488,1.1320166015488,291.183705570791,291.183705570791,0,291.183705570791,291.183705570791,1,1,0,1,1,1,1,0,1,1,100,100,0,100
2022,breeding.pairs,scen1,2011,TRUE,10,161598.317357885,1019.19586938816,161598.317357885,160892.050653495,160913.671062813,160949.705078343,161021.773109404,161165.909171524,161237.977202584,161353.28605228,161828.935057277,161958.657513186,162030.725544246,162174.861606366,162246.929637426,162282.963652957,162304.584062275,5.28540206514973,5.28540206514973,0.0333348765069516,5.26300931378305,5.30779481651641,1.16341326020572,1.16341326020572,0.00066706015529564,1.16296516158442,1.16386135882703,428.540206514973,428.540206514973,3.33348765069516,426.300931378305,430.779481651641,1.02773515742964,1.02773515742964,0.000589267113559097,1.0273393163963,1.02813099846297,1.35113042539377,1.35113042539377,0.00852154014398717,1.3454060685129,1.35685478227464,100,0,0,100
2022,breeding.pairs,scen2,2011,TRUE,10,130655.099598503,45.4366491826683,130655.099598503,130623.613607007,130624.577463889,130626.183892027,130629.396748302,130635.822460852,130639.035317127,130644.175887167,130665.380738583,130671.163879879,130674.376736154,130680.802448704,130684.015304979,130685.621733117,130686.585589999,4.27334111227722,4.27334111227722,0.00148609814353264,4.27234282370616,4.27433940084828,1.14114939530866,1.14114939530866,3.60769453564314e-05,1.14112516056859,1.14117363004873,327.334111227722,327.334111227722,0.148609814353256,327.234282370616,327.433940084828,1.00806772069187,1.00806772069187,3.18696256814171e-05,1.00804631222486,1.00808912915888,1.09241286163539,1.09241286163539,0.000379897762194394,1.09215766476577,1.092668058505,100,0,0,100
2022,breeding.pairs,scen3,2011,TRUE,10,172967.071466393,1716.1259549132,172967.071466393,171777.856852305,171814.261381308,171874.935596312,171996.284026321,172238.980886339,172360.329316348,172554.486804362,173355.386442421,173573.813616438,173695.162046446,173937.858906464,174059.207336473,174119.881551478,174156.28608048,5.65724032080565,5.65724032080565,0.0561293942564228,5.61953531926817,5.69494532234313,1.17062479650832,1.17062479650832,0.00105588793618628,1.16991550226446,1.17133409075218,465.724032080565,465.724032080565,5.61293942564227,461.953531926817,469.494532234313,1.03410567910991,1.03410567910991,0.000932749515105769,1.033479103278,1.03473225494183,1.44618506349873,1.44618506349873,0.0143486023208769,1.43654636919718,1.45582375780029,100,0,0,100
2023,breeding.pairs,baseline,2011,TRUE,11,135392.218292761,0,135392.218292761,135392.218292761,135392.218292761,135392.218292761,135392.218292761,135392.218292761,135392.218292761,135392.218292761,135392.218292761,135392.218292761,135392.218292761,135392.218292761,135392.218292761,135392.218292761,135392.218292761,4.42827822634408,4.42827822634408,0,4.42827822634408,4.42827822634408,1.13201689418006,1.13201689418006,0,1.13201689418006,1.13201689418006,342.827822634408,342.827822634408,0,342.827822634408,342.827822634408,1,1,0,1,1,1,1,0,1,1,100,100,0,100
2023,breeding.pairs,scen1,2011,TRUE,11,188457.515728282,1314.04798851271,188457.515728282,187546.926929669,187574.802096974,187621.260709148,187714.177933496,187900.012382192,187992.929606541,188141.597165498,188754.850846196,188922.101850022,189015.019074371,189200.853523067,189293.770747415,189340.229359589,189368.104526894,6.16388684677505,6.16388684677505,0.0429786155310607,6.13501589981143,6.19275779373867,1.16364583188694,1.16364583188694,0.000676146541172307,1.16319162947282,1.16410003430106,516.388684677505,516.388684677505,4.29786155310611,513.501589981143,519.275779373867,1.02794034070471,1.02794034070471,0.000597293684085997,1.02753910781106,1.02834157359837,1.39193757296137,1.39193757296137,0.00970549123932153,1.3854178952248,1.39845725069793,100,0,0,100
2023,breeding.pairs,scen2,2011,TRUE,11,149425.154279046,60.7095542696499,149425.154279046,149383.08470429,149384.372548415,149386.51895529,149390.811769041,149399.397396542,149403.690210293,149410.558712294,149438.891283049,149446.6183478,149450.911161551,149459.496789052,149463.789602803,149465.936009678,149467.223853803,4.88725397593537,4.88725397593537,0.00198562960776683,4.88592012638282,4.88858782548792,1.14135849178112,1.14135849178112,3.8643296887305e-05,1.14133253309071,1.14138445047153,388.725397593537,388.725397593537,0.198562960776645,388.592012638282,388.858782548792,1.00825217154363,1.00825217154363,3.41366786008157e-05,1.00822924018055,1.00827510290671,1.10364654751384,1.10364654751384,0.000448397662991082,1.10334533573708,1.1039477592906,100,0,0,100
2023,breeding.pairs,scen3,2011,TRUE,11,202545.903295638,2180.52713926563,202545.903295638,201034.875079436,201081.131045238,201158.224321575,201312.410874249,201620.783979596,201774.97053227,202021.669016547,203039.300264193,203316.836059006,203471.022611679,203779.395717026,203933.5822697,204010.675546037,204056.931511839,6.62467625325274,6.62467625325274,0.0713185807465169,6.5767678937858,6.67258461271968,1.17065635482404,1.17065635482404,0.00105025448470546,1.16995084485934,1.17136186478874,562.467625325274,562.467625325274,7.13185807465175,557.67678937858,567.258461271968,1.03413328974385,1.03413328974385,0.000927772801011152,1.03351005702681,1.0347565224609,1.49599368301706,1.49599368301706,0.0161052619327842,1.48517495008788,1.50681241594624,100,0,0,100
2024,breeding.pairs,baseline,2011,TRUE,12,153266.605089316,0,153266.605089316,153266.605089316,153266.605089316,153266.605089316,153266.605089316,153266.605089316,153266.605089316,153266.605089316,153266.605089316,153266.605089316,153266.605089316,153266.605089316,153266.605089316,153266.605089316,153266.605089316,5.01289644782327,5.01289644782327,0,5.01289644782327,5.01289644782327,1.13201707976116,1.13201707976116,0,1.13201707976116,1.13201707976116,401.289644782327,401.289644782327,0,401.289644782327,401.289644782327,1,1,0,1,1,1,1,0,1,1,100,100,0,100
2024,breeding.pairs,scen1,2011,TRUE,12,219780.861645375,1678.48457161147,219780.861645375,218617.731179126,218653.337213807,218712.680604942,218831.367387212,219068.740951753,219187.427734023,219377.326585656,220160.65934864,220374.295556727,220492.982338997,220730.355903538,220849.042685808,220908.386076943,220943.992111625,7.18838066517883,7.18838066517883,0.0548982561586333,7.151502682434,7.22525864792366,1.16384259532308,1.16384259532308,0.000683726754337049,1.16338330088984,1.16430188975633,618.838066517883,618.838066517883,5.48982561586323,615.1502682434,622.525864792366,1.0281139888531,1.0281139888531,0.000603989786515652,1.02770825784298,1.02851971986322,1.43397748986022,1.43397748986022,0.0109514043886686,1.42662086816881,1.44133411155163,100,0,0,100
2024,breeding.pairs,scen2,2011,TRUE,12,170891.526598545,79.3132714466419,170891.526598545,170836.565305509,170838.247794071,170841.051941675,170846.660236883,170857.876827298,170863.485122506,170872.458394838,170909.47314321,170919.568074584,170925.176369792,170936.392960207,170942.001255415,170944.805403019,170946.487891581,5.58935539904288,5.58935539904288,0.00259410206462399,5.58761280723995,5.59109799084582,1.14153534197885,1.14153534197885,4.07541049251787e-05,1.14150796535009,1.1415627186076,458.935539904288,458.935539904288,0.259410206462447,458.761280723995,459.109799084582,1.00840823198507,1.00840823198507,3.60013162819998e-05,1.00838404804894,1.0084324159212,1.1149951843649,1.1149951843649,0.000517485667542551,1.11464756262145,1.11534280610836,100,0,0,100
2024,breeding.pairs,scen3,2011,TRUE,12,237183.203078574,2753.15375445446,237183.203078574,235275.364862938,235333.768073621,235431.106758092,235625.784127034,236015.138864919,236209.816233862,236521.300024169,237806.170659189,238156.589923286,238351.267292228,238740.622030113,238935.299399055,239032.638083526,239091.041294209,7.75755968172618,7.75755968172618,0.0900475003538667,7.69707014350352,7.81804921994884,1.17068311768864,1.17068311768864,0.00104532716040389,1.16998091766114,1.17138531771613,675.755968172618,675.755968172618,9.00475003538659,669.707014350352,681.804921994884,1.03415676195949,1.03415676195949,0.000923419954603799,1.0335364532733,1.03477707064569,1.5475204330412,1.5475204330412,0.0179631678593655,1.5354536491265,1.5595872169559,100,0,0,100
2025,breeding.pairs,baseline,2011,TRUE,13,173500.878102525,0,173500.878102525,173500.878102525,173500.878102525,173500.878102525,173500.878102525,173500.878102525,173500.878102525,173500.878102525,173500.878102525,173500.878102525,173500.878102525,173500.878102525,173500.878102525,173500.878102525,173500.878102525,5.67469955394083,5.67469955394083,0,5.67469955394083,5.67469955394083,1.13201729571717,1.13201729571717,0,1.13201729571717,1.13201729571717,467.469955394084,467.469955394084,0,467.469955394084,467.469955394084,1,1,0,1,1,1,1,0,1,1,100,100,0,100
2025,breeding.pairs,scen1,2011,TRUE,13,256310.602632711,2128.10261591477,256310.602632711,254835.902757752,254881.046631475,254956.286421014,255106.766000092,255407.725158246,255558.204737324,255798.972063848,256792.137285759,257063.000528098,257213.480107175,257514.43926533,257664.918844408,257740.158633946,257785.30250767,8.38316023721024,8.38316023721024,0.0696039299474643,8.33640369689031,8.42991677753017,1.16401131298758,1.16401131298758,0.000690335367400838,1.16354757920897,1.16447504676618,738.316023721024,738.316023721024,6.96039299474651,733.640369689031,742.991677753017,1.02826283431485,1.02826283431485,0.000609827579501285,1.02785318175888,1.02867248687083,1.47728706295798,1.47728706295798,0.0122656590513463,1.4690475888016,1.48552653711437,100,0,0,100
2025,breeding.pairs,scen2,2011,TRUE,13,195441.907592789,102.188759375825,195441.907592789,195371.094395367,195373.262146309,195376.875064545,195384.100901016,195398.552573959,195405.778410431,195417.339748786,195465.030269498,195478.036775147,195485.262611618,195499.714284561,195506.940121033,195510.553039269,195512.72079021,6.39232560646044,6.39232560646044,0.00334229148341862,6.39008041733645,6.39457079558444,1.14168701467039,1.14168701467039,4.26387514581593e-05,1.1416583720276,1.14171565731317,539.232560646044,539.232560646044,0.334229148341877,539.008041733645,539.457079558444,1.00854202403956,1.00854202403956,3.76661660731768e-05,1.00851672173818,1.00856732634094,1.12646062504247,1.12646062504247,0.000588981222996636,1.12606497605654,1.12685627402841,100,0,0,100
2025,breeding.pairs,scen3,2011,TRUE,13,277744.443243379,3457.69234505277,277744.443243379,275348.384693024,275421.733424158,275543.98130938,275788.477079824,276277.468620713,276521.964391157,276913.157623868,278526.829708801,278966.922095601,279211.417866045,279700.409406934,279944.905177379,280067.153062601,280140.501793734,9.08419764452943,9.08419764452943,0.113090869756525,9.00822868967907,9.1601665993798,1.17070621768889,1.17070621768889,0.00104105103421724,1.17000689015533,1.17140554522246,808.419764452943,808.419764452943,11.3090869756526,800.822868967907,816.01665993798,1.03417697072129,1.03417697072129,0.000919642339526065,1.03355919965347,1.03479474178911,1.60082442395049,1.60082442395049,0.0199289616448486,1.58743711522546,1.61421173267551,100,0,0,100
2026,breeding.pairs,baseline,2011,TRUE,14,196406.708511674,0,196406.708511674,196406.708511674,196406.708511674,196406.708511674,196406.708511674,196406.708511674,196406.708511674,196406.708511674,196406.708511674,196406.708511674,196406.708511674,196406.708511674,196406.708511674,196406.708511674,196406.708511674,6.42388138533555,6.42388138533555,0,6.42388138533555,6.42388138533555,1.13201756994299,1.13201756994299,0,1.13201756994299,1.13201756994299,542.388138533555,542.388138533555,0,542.388138533555,542.388138533555,1,1,0,1,1,1,1,0,1,1,100,100,0,100
2026,breeding.pairs,scen1,2011,TRUE,14,298912.196826907,2680.54421714783,298912.196826907,297054.674453555,297111.537383352,297206.308933013,297395.852032334,297774.938230977,297964.481330299,298267.750289213,299518.734744736,299859.912323515,300049.455422836,300428.541621479,300618.084720801,300712.856270462,300769.719200258,9.77653213373814,9.77653213373814,0.0876726575664874,9.71763789958272,9.83542636789355,1.16415760301238,1.16415760301238,0.000695994253929342,1.16369006786859,1.16462513815617,877.653213373814,877.653213373814,8.7672657566487,871.763789958272,883.542636789355,1.02839181468801,1.02839181468801,0.000614826370552288,1.02797880418693,1.02880482518909,1.5219042113785,1.5219042113785,0.0136479259667878,1.51273619742827,1.53107222532874,100,0,0,100
2026,breeding.pairs,scen2,2011,TRUE,14,223519.146425824,129.891251358861,223519.146425824,223429.136380864,223431.891790404,223436.484139636,223445.668838102,223464.038235032,223473.222933498,223487.918451042,223548.537460913,223565.06991815,223574.254616615,223592.624013546,223601.808712011,223606.401061244,223609.156470783,7.31064888196319,7.31064888196319,0.00424835790001836,7.30779504141718,7.3135027225092,1.14181845842313,1.14181845842313,4.42355055697438e-05,1.14178874315847,1.14184817368779,631.064888196319,631.064888196319,0.424835790001841,630.779504141718,631.35027225092,1.00865789431222,1.00865789431222,3.90766952247541e-05,1.00863164448585,1.00868414413859,1.13804232105716,1.13804232105716,0.000661338160713275,1.13759806619397,1.13848657592036,100,0,0,100
2026,breeding.pairs,scen3,2011,TRUE,14,325242.76531934,4321.77044771824,325242.76531934,322247.931192833,322339.609788543,322492.407448059,322798.00276709,323409.193405152,323714.788724184,324203.741234634,326220.670340241,326770.741914497,327076.337233528,327687.527871591,327993.123190622,328145.920850138,328237.599445847,10.6377269986467,10.6377269986467,0.141352303804533,10.542773384718,10.7326806125754,1.1707263586062,1.1707263586062,0.00103712454356732,1.17002966869839,1.17142304851401,963.77269986467,963.77269986467,14.1352303804533,954.2773384718,973.26806125754,1.03419451225052,1.03419451225052,0.00091617353926726,1.03357907135427,1.03480995314676,1.65596566320955,1.65596566320955,0.022004189574112,1.6411843171303,1.67074700928881,100,0,0,100
2027,breeding.pairs,baseline,2011,TRUE,15,222336.465167207,0,222336.465167207,222336.465167207,222336.465167207,222336.465167207,222336.465167207,222336.465167207,222336.465167207,222336.465167207,222336.465167207,222336.465167207,222336.465167207,222336.465167207,222336.465167207,222336.465167207,222336.465167207,7.27196688286253,7.27196688286253,0,7.27196688286253,7.27196688286253,1.13201776732566,1.13201776732566,0,1.13201776732566,1.13201776732566,627.196688286253,627.196688286253,0,627.196688286253,627.196688286253,1,1,0,1,1,1,1,0,1,1,100,100,0,100
2027,breeding.pairs,scen1,2011,TRUE,15,348594.73843959,3357.64995567034,348594.73843959,346268.005728134,346339.23223971,346457.943092335,346695.364797585,347170.208208086,347407.629913337,347787.504641738,349354.487896391,349781.846965842,350019.268671093,350494.112081594,350731.533786844,350850.24463947,350921.471151045,11.4015008359803,11.4015008359803,0.109818779674837,11.3277299123611,11.4752717595995,1.16428562720516,1.16428562720516,0.000700907702731617,1.16381479144505,1.16475646296527,1040.15008359803,1040.15008359803,10.9818779674837,1032.77299123611,1047.52717595995,1.02850472917552,1.02850472917552,0.000619166697698988,1.02808880305343,1.02892065529762,1.56787029144063,1.56787029144063,0.0151016611384248,1.55772572879238,1.57801485408889,100,0,0,100
2027,breeding.pairs,scen2,2011,TRUE,15,255630.180629396,163.689658314794,255630.180629396,255516.74948334,255520.221865362,255526.009168732,255537.583775473,255560.732988954,255572.307595694,255590.826966479,255667.219370966,255688.053663099,255699.628269839,255722.77748332,255734.35209006,255740.139393431,255743.611775453,8.36090564990827,8.36090564990827,0.00535380363017427,8.35730922459883,8.3645020752177,1.14193354300932,1.14193354300932,4.57014513450428e-05,1.14190284299348,1.14196424302517,736.090564990827,736.090564990827,0.535380363017297,735.730922459883,736.45020752177,1.00875938167215,1.00875938167215,4.03716731877338e-05,1.00873226194247,1.00878650140184,1.14974473682106,1.14974473682106,0.000736224974125145,1.14925017663296,1.15023929700916,100,0,0,100
2027,breeding.pairs,scen3,2011,TRUE,15,380864.381338828,5379.83405320895,380864.381338828,377136.346540959,377250.47005518,377440.675912214,377821.087626282,378581.911054419,378962.322768487,379570.981510996,382081.698823846,382766.439909169,383146.851623237,383907.675051374,384288.086765442,384478.292622476,384592.416136697,12.4569452243247,12.4569452243247,0.1759584287751,12.3387448960406,12.5751455526088,1.17074403251856,1.17074403251856,0.00103360565545802,1.17004970642891,1.1714383586082,1145.69452243247,1145.69452243247,17.5958428775101,1133.87448960406,1157.51455526088,1.03420994467638,1.03420994467638,0.000913064869909087,1.03359659203327,1.0348232973195,1.71300906962068,1.71300906962068,0.0241968138207246,1.69675482504172,1.72926331419963,100,0,0,100
2028,breeding.pairs,baseline,2011,TRUE,16,251689.624470253,0,251689.624470253,251689.624470253,251689.624470253,251689.624470253,251689.624470253,251689.624470253,251689.624470253,251689.624470253,251689.624470253,251689.624470253,251689.624470253,251689.624470253,251689.624470253,251689.624470253,251689.624470253,8.2320217357568,8.2320217357568,0,8.2320217357568,8.2320217357568,1.13201797781094,1.13201797781094,0,1.13201797781094,1.13201797781094,723.20217357568,723.20217357568,0,723.20217357568,723.20217357568,1,1,0,1,1,1,1,0,1,1,100,100,0,100
2028,breeding.pairs,scen1,2011,TRUE,16,406535.510256641,4186.01697922305,406535.510256641,403634.748484314,403723.547314079,403871.545363687,404167.541462904,404759.533661339,405055.529760556,405529.123519303,407482.697774136,408015.490752726,408311.486851943,408903.479050377,409199.475149594,409347.473199203,409436.272028968,13.2965717749926,13.2965717749926,0.13691221015463,13.2046008003764,13.3885427496088,1.16439865985078,1.16439865985078,0.000705282198831748,1.16392488551661,1.16487243418496,1229.65717749926,1229.65717749926,13.691221015463,1220.46008003764,1238.85427496088,1.02860438851197,1.02860438851197,0.000623030917049126,1.02818586659495,1.02902291042899,1.61522554261942,1.61522554261942,0.0166316628587039,1.60405319910911,1.62639788612972,100,0,0,100
2028,breeding.pairs,scen2,2011,TRUE,16,292354.504129187,204.421408274429,292354.504129187,292212.847320456,292217.183753377,292224.411141577,292238.865917978,292267.77547078,292282.230247181,292305.357889423,292400.75941367,292426.778011192,292441.232787593,292470.142340395,292484.597116796,292491.824504997,292496.160937917,9.56204943927798,9.56204943927798,0.00668601846306212,9.55755809673333,9.56654078182263,1.14203513884391,1.14203513884391,4.69728777184433e-05,1.14200358474556,1.14206669294226,856.204943927798,856.204943927798,0.668601846306122,855.755809673333,856.654078182263,1.0088489416505,1.0088489416505,4.1494816018064e-05,1.008821067448,1.008876815853,1.16156756459279,1.16156756459279,0.000812196405412672,1.16102197048617,1.16211315869942,100,0,0,100
2028,breeding.pairs,scen3,2011,TRUE,16,445999.298541429,6672.48527233089,445999.298541429,441375.502149665,441517.046937168,441752.95491634,442224.770874683,443168.402791369,443640.218749713,444395.124283062,447509.109608127,448358.378333145,448830.194291489,449773.826208175,450245.642166518,450481.55014569,450623.094933193,14.5873153390924,14.5873153390924,0.218237219388585,14.4407141722423,14.7339165059425,1.17075977903429,1.17075977903429,0.00103035875697717,1.17006763405338,1.1714519240152,1358.73153390924,1358.73153390924,21.8237219388584,1344.07141722423,1373.39165059425,1.03422366250602,1.03422366250602,0.000910196460810319,1.03361223672085,1.03483508829119,1.77202099403244,1.77202099403244,0.0265107681191661,1.75421234731649,1.78982964074839,100,0,0,100
2029,breeding.pairs,baseline,2011,TRUE,17,284918.100688996,0,284918.100688996,284918.100688996,284918.100688996,284918.100688996,284918.100688996,284918.100688996,284918.100688996,284918.100688996,284918.100688996,284918.100688996,284918.100688996,284918.100688996,284918.100688996,284918.100688996,284918.100688996,9.31882672048553,9.31882672048553,0,9.31882672048553,9.31882672048553,1.13201818109456,1.13201818109456,0,1.13201818109456,1.13201818109456,831.882672048553,831.882672048553,0,831.882672048553,831.882672048553,1,1,0,1,1,1,1,0,1,1,100,100,0,100
2029,breeding.pairs,scen1,2011,TRUE,17,474106.758795829,5196.97350770006,474106.758795829,470505.439891067,470615.684347335,470799.425107782,471166.906628676,471901.869670464,472269.351191359,472857.321624789,475282.699662691,475944.1664003,476311.647921194,477046.610962983,477414.092483877,477597.833244324,477708.077700592,15.506627067727,15.506627067727,0.169977602237615,15.3924443682946,15.6208097671595,1.16449912843236,1.16449912843236,0.000709168913012414,1.16402274319234,1.16497551367239,1450.6627067727,1450.6627067727,16.9977602237613,1439.24443682946,1462.08097671595,1.02869295553752,1.02869295553752,0.000626464243115599,1.02827212727876,1.02911378379627,1.66401066709813,1.66401066709813,0.0182402363876939,1.65175776199996,1.67626357219631,100,0,0,100
2029,breeding.pairs,scen2,2011,TRUE,17,334354.794117828,253.598629048488,334354.794117828,334179.059233735,334184.438873043,334193.404938558,334211.337069588,334247.201331648,334265.133462678,334293.824872326,334412.176937124,334444.454772978,334462.386904008,334498.251166068,334516.183297098,334525.149362613,334530.529001922,10.9357544572035,10.9357544572035,0.0082944596181871,10.9301826419934,10.9413262724137,1.14212546881536,1.14212546881536,4.81261033477288e-05,1.14209314003604,1.14215779759469,993.575445720354,993.575445720354,0.829445961818725,993.018264199336,994.132627241372,1.00892855599813,1.00892855599813,4.25135427606949e-05,1.00889999746447,1.00895711453179,1.17351194364024,1.17351194364024,0.00089007552849479,1.17291403412037,1.1741098531601,100,0,0,100
2029,breeding.pairs,scen3,2011,TRUE,17,522274.255588074,8249.14482209319,522274.255588074,516557.889870236,516732.880657517,517024.531969651,517607.83459392,518774.439842459,519357.742466728,520291.026665559,524140.823985735,525190.76870942,525774.071333689,526940.676582228,527523.979206497,527815.630518631,527990.621305912,17.0820431437187,17.0820431437187,0.269805080840362,16.900801191571,17.2632850958665,1.17077384797711,1.17077384797711,0.00102737458910175,1.17008370761528,1.17146398833895,1608.20431437187,1608.20431437187,26.9805080840362,1590.0801191571,1626.32850958665,1.03423590497909,1.03423590497909,0.000907560148997301,1.03362625014018,1.03484555981799,1.83306800910541,1.83306800910541,0.0289526878150069,1.81361899931222,1.8525170188986,100,0,0,100
2030,breeding.pairs,baseline,2011,TRUE,18,322533.399406167,0,322533.399406167,322533.399406167,322533.399406167,322533.399406167,322533.399406167,322533.399406167,322533.399406167,322533.399406167,322533.399406167,322533.399406167,322533.399406167,322533.399406167,322533.399406167,322533.399406167,322533.399406167,10.5491116688161,10.5491116688161,0,10.5491116688161,10.5491116688161,1.13201835276014,1.13201835276014,0,1.13201835276014,1.13201835276014,954.911166881615,954.911166881615,0,954.911166881615,954.911166881615,1,1,0,1,1,1,1,0,1,1,100,100,0,100
2030,breeding.pairs,scen1,2011,TRUE,18,552909.689850189,6427.88432626664,552909.689850189,548455.393266318,548591.749284192,548819.009313981,549273.52937356,550182.569492717,550637.089552296,551364.321647621,554364.15404084,555182.290148081,555636.81020766,556545.850326817,557000.370386396,557227.630416185,557363.986434059,18.0840374105101,18.0840374105101,0.210237047316233,17.9428103707869,18.2252644502334,1.16458907113902,1.16458907113902,0.00071259491161031,1.1641103844795,1.16506775779855,1708.40374105102,1708.40374105102,21.0237047316234,1694.28103707869,1722.52644502334,1.02877225294048,1.02877225294048,0.000629490599576349,1.02834939172241,1.02919511415855,1.71427111383869,1.71427111383869,0.0199293603022241,1.700883537315,1.72765869036238,100,0,0,100
2030,breeding.pairs,scen2,2011,TRUE,18,382389.140290187,312.53380307148,382389.140290187,382172.565414116,382179.195257261,382190.244995836,382212.344472986,382256.543427286,382278.642904436,382314.002067877,382459.858617068,382499.637675938,382521.737153089,382565.936107389,382588.035584539,382599.085323114,382605.715166259,12.5068155710098,12.5068155710098,0.010222054506452,12.4999488911536,12.5136822508661,1.14220632813375,1.14220632813375,4.91340378364207e-05,1.14217332227298,1.14223933399453,1150.68155710098,1150.68155710098,1.02220545064513,1149.99488911536,1151.36822508661,1.00899983233378,1.00899983233378,4.3403923369705e-05,1.00897067568567,1.0090289889819,1.18557997712554,1.18557997712554,0.000968996710563746,1.18492905218781,1.18623090206328,100,0,0,100
2030,breeding.pairs,scen3,2011,TRUE,18,611595.085240743,10168.4396893209,611595.085240743,604548.716035506,604764.421215258,605123.929848178,605842.947114019,607280.9816457,607999.99891154,609150.426536885,613895.940491433,615190.171569946,615909.188835786,617347.223367467,618066.240633307,618425.749266228,618641.45444598,20.0034627799243,20.0034627799243,0.332579528128759,19.7800520022818,20.2268735575668,1.17078654713318,1.17078654713318,0.00102455294770834,1.17009830221302,1.17147479205334,1900.34627799243,1900.34627799243,33.2579528128758,1878.00520022818,1922.68735575668,1.03424696629565,1.03424696629565,0.000905067435709154,1.03363898594049,1.03485494665081,1.89622248848269,1.89622248848269,0.0315267805072049,1.87504432821134,1.91740064875403,100,0,0,100
2031,breeding.pairs,baseline,2011,TRUE,19,365114.606824611,0,365114.606824611,365114.606824611,365114.606824611,365114.606824611,365114.606824611,365114.606824611,365114.606824611,365114.606824611,365114.606824611,365114.606824611,365114.606824611,365114.606824611,365114.606824611,365114.606824611,365114.606824611,11.9418167743253,11.9418167743253,0,11.9418167743253,11.9418167743253,1.13201848907435,1.13201848907435,0,1.13201848907435,1.13201848907435,1094.18167743253,1094.18167743253,0,1094.18167743253,1094.18167743253,1,1,0,1,1,1,1,0,1,1,100,100,0,100
2031,breeding.pairs,scen1,2011,TRUE,19,644810.943726552,7924.59670387297,644810.943726552,639319.478380424,639487.584462448,639767.761265822,640328.11487257,641448.822086065,642009.175692813,642905.741463609,646604.075268144,647612.71176029,648173.065367038,649293.772580533,649854.126187281,650134.302990655,650302.409072679,21.0898550760013,21.0898550760013,0.259190073689744,20.9157437702152,21.2639663817875,1.16467003190422,1.16467003190422,0.000715695984408824,1.16418926209457,1.16515080171387,2008.98550760013,2008.98550760013,25.9190073689743,1991.57437702152,2026.39663817875,1.02884364800134,1.02884364800134,0.000632229942634636,1.02841894662562,1.02926834937706,1.76605080069091,1.76605080069091,0.0217044088506699,1.75147083274496,1.78063076863687,100,0,0,100
2031,breeding.pairs,scen2,2011,TRUE,19,437324.235384879,383.401647875694,437324.235384879,437058.55159785,437066.684775004,437080.240070261,437107.350660774,437161.5718418,437188.682432313,437232.059377134,437410.98927452,437459.788337444,437486.898927957,437541.120108983,437568.230699496,437581.785994753,437589.919171907,14.3035797317383,14.3035797317383,0.012539931693572,14.295156014539,14.3120034489377,1.14227910633216,1.14227910633216,5.00717445120884e-05,1.14224547056557,1.14231274209874,1330.35797317383,1330.35797317383,1.25399316935714,1329.5156014539,1331.20034489377,1.00906400147774,1.00906400147774,4.42322674013225e-05,1.00903428838833,1.00909371456716,1.19777249995083,1.19777249995083,0.00105008575584012,1.19706710332999,1.19847789657167,100,0,0,100
2031,breeding.pairs,scen3,2011,TRUE,19,716192.77673714,12501.5513270528,716192.77673714,707529.643652804,707794.841604365,708236.8381903,709120.831362171,710888.817705914,711772.810877785,713187.199952778,719021.554887127,720612.742596495,721496.735768366,723264.722112109,724148.71528398,724590.711869915,724855.909821477,23.4245432941514,23.4245432941514,0.408888695636881,23.1498717231878,23.699214865115,1.17079803562131,1.17079803562131,0.00102189897176826,1.17011157351332,1.17148449772931,2242.45432941514,2242.45432941514,40.8888695636883,2214.98717231878,2269.9214865115,1.03425699043014,1.03425699043014,0.000902722863302336,1.03365058504487,1.0348633958154,1.96155607951663,1.96155607951663,0.0342400744680648,1.93855526011417,1.9845568989191,100,0,0,100
2032,breeding.pairs,baseline,2011,TRUE,20,413317.754372348,0,413317.754372348,413317.754372348,413317.754372348,413317.754372348,413317.754372348,413317.754372348,413317.754372348,413317.754372348,413317.754372348,413317.754372348,413317.754372348,413317.754372348,413317.754372348,413317.754372348,413317.754372348,13.5183988808784,13.5183988808784,0,13.5183988808784,13.5183988808784,1.13201865455585,1.13201865455585,0,1.13201865455585,1.13201865455585,1251.83988808784,1251.83988808784,0,1251.83988808784,1251.83988808784,1,1,0,1,1,1,1,0,1,1,100,100,0,100
2032,breeding.pairs,scen1,2011,TRUE,20,751987.962297031,9741.47567088557,751987.962297031,745237.464061497,745444.111966666,745788.525141949,746477.351492513,747855.004193643,748543.830544208,749645.952705111,754192.206618838,755432.094049855,756120.920400419,757498.573101549,758187.399452113,758531.812627396,758738.460532565,24.5952977350016,24.5952977350016,0.318614800391004,24.3812677833559,24.8093276866474,1.16474331171151,1.16474331171151,0.000718516774958459,1.16426064703174,1.16522597639128,2359.52977350016,2359.52977350016,31.8614800391003,2338.12677833559,2380.93276866474,1.02890823134757,1.02890823134757,0.00063472167359318,1.02848185614798,1.02933460654715,1.81939429008797,1.81939429008797,0.0235689746395692,1.80356179738438,1.83522678279156,100,0,0,100
2032,breeding.pairs,scen2,2011,TRUE,20,500151.716140303,468.081439887756,500151.716140303,499827.352251217,499837.281758026,499853.83093604,499886.929292069,499953.126004128,499986.224360157,500039.181729804,500257.630879597,500317.207920449,500350.306276478,500416.502988537,500449.601344566,500466.150522581,500476.080029389,16.3584804383927,16.3584804383927,0.0153095567422413,16.3481962215728,16.3687646552127,1.14234498502249,1.14234498502249,5.09093680082226e-05,1.14231078658111,1.14237918346387,1535.84804383927,1535.84804383927,1.53095567422404,1534.81962215728,1536.87646552126,1.00912204973397,1.00912204973397,4.49721988268012e-05,1.00909183959455,1.00915225987339,1.21009008408027,1.21009008408027,0.00113249778151565,1.20932932706233,1.21085084109821,100,0,0,100
2032,breeding.pairs,scen3,2011,TRUE,20,838680.614882158,15333.9577402343,838680.614882158,828054.724291621,828380.006656638,828922.143931665,830006.41848172,832174.967581829,833259.242131884,834994.081411972,842150.293442333,844101.987632432,845186.262182486,847354.811282596,848439.085832651,848981.223107678,849306.505472695,27.4307574879146,27.4307574879146,0.501528315592939,27.0938551186474,27.7676598571818,1.17080850390864,1.17080850390864,0.00101940878917837,1.17012371458439,1.17149329323289,2643.07574879146,2643.07574879146,50.1528315592939,2609.38551186474,2676.76598571818,1.03426608669096,1.03426608669096,0.000900522959648792,1.03366115909415,1.03487101428777,2.02914248422682,2.02914248422682,0.0370996831808495,2.00422071854762,2.05406424990602,100,0,0,100
2033,breeding.pairs,baseline,2011,TRUE,21,467884.626431559,0,467884.626431559,467884.626431559,467884.626431559,467884.626431559,467884.626431559,467884.626431559,467884.626431559,467884.626431559,467884.626431559,467884.626431559,467884.626431559,467884.626431559,467884.626431559,467884.626431559,467884.626431559,15.303119557343,15.303119557343,0,15.303119557343,15.303119557343,1.13201878852953,1.13201878852953,0,1.13201878852953,1.13201878852953,1430.3119557343,1430.3119557343,0,1430.3119557343,1430.3119557343,1,1,0,1,1,1,1,0,1,1,100,100,0,100
2033,breeding.pairs,scen1,2011,TRUE,21,876979.920594226,11942.7803750936,876979.920594226,868703.996024565,868957.340654248,869379.581703721,870224.063802666,871913.028000556,872757.510099501,874108.681457813,879682.26331085,881202.331088951,882046.813187897,883735.777385787,884580.259484731,885002.500534204,885255.845163887,28.6834142779978,28.6834142779978,0.390612953712598,28.4210194630277,28.9458090929678,1.1648099554956,1.1648099554956,0.000721043697739825,1.1643255933518,1.16529431763939,2768.34142779978,2768.34142779978,39.0612953712599,2742.10194630277,2794.58090929678,1.02896698120061,1.02896698120061,0.000636953825365684,1.02853910654985,1.02939485585137,1.87435079302078,1.87435079302078,0.0255250540420151,1.85720430115768,1.89149728488388,100,0,0,100
2033,breeding.pairs,scen2,2011,TRUE,21,572005.483626939,569.496130327897,572005.483626939,571610.842942837,571622.923780105,571643.058508886,571683.327966447,571763.86688157,571804.136339132,571868.56747123,572134.345891135,572206.830914746,572247.100372307,572327.63928743,572367.908744992,572388.043473772,572400.124311041,18.7086042346794,18.7086042346794,0.0186265307247202,18.6960918358032,18.7211166335556,1.1424049031769,1.1424049031769,5.16997013546631e-05,1.14237017382796,1.14243963252585,1770.86042346794,1770.86042346794,1.86265307247216,1769.60918358032,1772.11166335556,1.00917486065833,1.00917486065833,4.56703562507991e-05,1.00914418153066,1.00920553978601,1.22253532455102,1.22253532455102,0.00121717213636904,1.2217176874131,1.22335296168894,100,0,0,100
2033,breeding.pairs,scen3,2011,TRUE,21,982118.9022958,18767.7585975472,982118.9022958,969113.509111242,969511.633392402,970175.173861002,971502.254798202,974156.416672601,975483.497609801,977606.827109321,986365.561294839,988754.306981799,990081.387918999,992735.549793398,994062.630730598,994726.171199198,995124.295480358,32.122198790726,32.122198790726,0.61383776558777,31.7098523864603,32.5345451949917,1.17081810086039,1.17081810086039,0.00101704803613097,1.1701348973754,1.17150130434537,3112.2198790726,3112.2198790726,61.383776558777,3070.98523864603,3153.45451949917,1.0342744420181,1.0342744420181,0.00089843741679611,1.03367091538771,1.0348779686485,2.09906213372766,2.09906213372766,0.0401119368693183,2.07211688228918,2.12600738516614,100,0,0,100
2034,breeding.pairs,baseline,2011,TRUE,22,529655.526399089,0,529655.526399089,529655.526399089,529655.526399089,529655.526399089,529655.526399089,529655.526399089,529655.526399089,529655.526399089,529655.526399089,529655.526399089,529655.526399089,529655.526399089,529655.526399089,529655.526399089,529655.526399089,17.3234626375961,17.3234626375961,0,17.3234626375961,17.3234626375961,1.13201891290177,1.13201891290177,0,1.13201891290177,1.13201891290177,1632.34626375961,1632.34626375961,0,1632.34626375961,1632.34626375961,1,1,0,1,1,1,1,0,1,1,100,100,0,100
2034,breeding.pairs,scen1,2011,TRUE,22,1022747.97783483,14607.0011598512,1022747.97783483,1012625.84245336,1012935.70374055,1013452.13921919,1014485.01017649,1016550.75209107,1017583.62304837,1019236.21658004,1026053.16489817,1027912.3326213,1028945.20357859,1031010.94549318,1032043.81645047,1032560.25192912,1032870.1132163,33.4510554475905,33.4510554475905,0.477751720179993,33.1301250405808,33.7719858546001,1.16487082171499,1.16487082171499,0.000723364351780325,1.1643849006685,1.16535674276148,3245.10554475905,3245.10554475905,47.7751720179996,3213.01250405808,3277.19858546001,1.02902063599716,1.02902063599716,0.000639003768873494,1.02859138429389,1.02944988770042,1.93096819887461,1.93096819887461,0.0275783040708708,1.91244243334358,1.94949396440564,100,0,0,100
2034,breeding.pairs,scen2,2011,TRUE,22,654181.997616356,690.420262033143,654181.997616356,653703.560784187,653718.206809661,653742.616852119,653791.436937034,653889.077106864,653937.89719178,654016.009327644,654338.221888084,654426.098040932,654474.918125847,654572.558295677,654621.378380593,654645.78842305,654660.434448525,21.3963544776758,21.3963544776758,0.0225816007148738,21.3811852548301,21.4115237005216,1.14245960998921,1.14245960998921,5.2423744616691e-05,1.14242439426316,1.14249482571526,2039.63544776758,2039.63544776758,2.25816007148728,2038.11852548301,2041.15237005216,1.00922307654796,1.00922307654796,4.63099547358565e-05,1.00919196776909,1.00925418532684,1.2351084148293,1.2351084148293,0.00130352696728563,1.23423276870917,1.23598406094942,100,0,0,100
2034,breeding.pairs,scen3,2011,TRUE,22,1150091.00872866,22925.2600453974,1150091.00872866,1134204.61402687,1134690.93223203,1135501.46257396,1137122.52325781,1140364.64462553,1141985.70530938,1144579.40240355,1155278.40291701,1158196.31214795,1159817.3728318,1163059.49419952,1164680.55488337,1165491.0852253,1165977.40343046,37.6160686078333,37.6160686078333,0.7498173172168,37.112377743661,38.1197594720056,1.17082692594509,1.17082692594509,0.00101478873277328,1.17014524015039,1.17150861173978,3661.60686078333,3661.60686078333,74.9817317216801,3611.23777436609,3711.97594720056,1.03428212426578,1.03428212426578,0.000896441500409086,1.0336799383951,1.03488431013646,2.17139433349759,2.17139433349759,0.0432833396476707,2.14231868766918,2.200469979326,100,0,0,100
2035,breeding.pairs,baseline,2011,TRUE,23,599581.593209869,0,599581.593209869,599581.593209869,599581.593209869,599581.593209869,599581.593209869,599581.593209869,599581.593209869,599581.593209869,599581.593209869,599581.593209869,599581.593209869,599581.593209869,599581.593209869,599581.593209869,599581.593209869,19.6105370575047,19.6105370575047,0,19.6105370575047,19.6105370575047,1.13201903247645,1.13201903247645,0,1.13201903247645,1.13201903247645,1861.05370575047,1861.05370575047,0,1861.05370575047,1861.05370575047,1,1,0,1,1,1,1,0,1,1,100,100,0,100
2035,breeding.pairs,scen1,2011,TRUE,23,1192745.66611878,17826.9735516761,1192745.66611878,1180392.20371008,1180770.37092667,1181400.649621,1182661.20700964,1185182.32178692,1186442.87917557,1188459.77099739,1196779.44976243,1199048.45306199,1200309.01045063,1202830.12522792,1204090.68261656,1204720.96131088,1205099.12852747,39.0111760442472,39.0111760442472,0.583067474748067,38.6194996272277,39.4028524612667,1.16492663444204,1.16492663444204,0.000725493036361812,1.16443928344861,1.16541398543547,3801.11760442472,3801.11760442472,58.3067474748063,3761.94996272277,3840.28524612667,1.0290698310024,1.0290698310024,0.000640884133171002,1.02863931616171,1.02950034584309,1.98929666892106,1.98929666892106,0.0297323562857211,1.96932391570829,2.00926942213384,100,0,0,100
2035,breeding.pairs,scen2,2011,TRUE,23,748164.669526362,834.037937796183,748164.669526362,747586.710722411,747604.403338859,747633.891032938,747692.866421096,747810.817197412,747869.792585571,747964.153206624,748353.390768468,748459.546467153,748518.521855312,748636.472631628,748695.448019786,748724.935713866,748742.628330313,24.4702491587778,24.4702491587778,0.0272789092789777,24.45192451213,24.4885738054257,1.14250978322224,1.14250978322224,5.30685700703321e-05,1.14247413433377,1.14254543211072,2347.02491587778,2347.02491587778,2.72789092789764,2345.192451213,2348.85738054257,1.009267291843,1.009267291843,4.68795740599782e-05,1.00923580042152,1.00929878326448,1.24781127039116,1.24781127039116,0.0013910332592619,1.2468768417932,1.24874569898911,100,0,0,100
2035,breeding.pairs,scen3,2011,TRUE,23,1346793.67301538,27953.4228312906,1346793.67301538,1327422.93927082,1328015.92091607,1329004.22365814,1330980.82914227,1334934.04011055,1336910.64559469,1340073.21436931,1353118.81056462,1356676.70043607,1358653.30592021,1362606.51688848,1364583.12237262,1365571.42511469,1366164.40675993,44.0496298295073,44.0496298295073,0.914273621013653,43.4354652060925,44.663794452922,1.17083508097588,1.17083508097588,0.00101262709018003,1.17015484726771,1.17151531468404,4304.96298295072,4304.96298295072,91.4273621013653,4243.54652060924,4366.3794452922,1.03428921898469,1.03428921898469,0.000894531859561381,1.033688315918,1.03489012205138,2.2462225129449,2.2462225129449,0.046621549340168,2.21490441994143,2.27754060594836,100,0,0,100
2036,breeding.pairs,baseline,2011,TRUE,24,678739.124798386,0,678739.124798386,678739.124798386,678739.124798386,678739.124798386,678739.124798386,678739.124798386,678739.124798386,678739.124798386,678739.124798386,678739.124798386,678739.124798386,678739.124798386,678739.124798386,678739.124798386,678739.124798386,22.1995453329036,22.1995453329036,0,22.1995453329036,22.1995453329036,1.13201912252331,1.13201912252331,0,1.13201912252331,1.13201912252331,2119.95453329036,2119.95453329036,0,2119.95453329036,2119.95453329036,1,1,0,1,1,1,1,0,1,1,100,100,0,100
2036,breeding.pairs,scen1,2011,TRUE,24,1391000.4856666,21713.6821403653,1391000.4856666,1375953.67161834,1376414.28837492,1377181.98296922,1378717.37215782,1381788.15053501,1383323.53972361,1385780.16242537,1395913.73107012,1398677.43160959,1400212.82079819,1403283.59917539,1404818.98836399,1405586.68295829,1406047.29971487,45.4955036647095,45.4955036647095,0.710190194446921,45.0184323774052,45.9725749520138,1.16497799752253,1.16497799752253,0.000727447271691491,1.1644893337687,1.16546666127636,4449.55036647095,4449.55036647095,71.0190194446925,4401.84323774052,4497.25749520138,1.02911512212422,1.02911512212422,0.000642610409327691,1.02868344765503,1.02954679659341,2.04938898443462,2.04938898443462,0.0319912044952692,2.02789884667953,2.0708791221897,100,0,0,100
2036,breeding.pairs,scen2,2011,TRUE,24,855649.466790653,1004.90680721688,855649.466790653,854953.101901166,854974.419193702,855009.948014594,855081.005656378,855223.120939947,855294.178581731,855407.870808586,855876.851244363,856004.754999575,856075.812641359,856217.927924928,856288.985566712,856324.514387605,856345.83168014,27.9857583467525,27.9857583467525,0.0328675236288758,27.9636795403556,28.0078371531493,1.14255595300509,1.14255595300509,5.3674433883723e-05,1.14251989712672,1.14259200888346,2698.57583467525,2698.57583467525,3.28675236288747,2696.36795403556,2700.78371531493,1.00930799689876,1.00930799689876,4.74147766727477e-05,1.00927614595415,1.00933984784336,1.26064556400048,1.26064556400048,0.0014805494047737,1.25965100280268,1.26164012519828,100,0,0,100
2036,breeding.pairs,scen3,2011,TRUE,24,1577141.67371953,34028.3399173416,1577141.67371953,1553561.23720961,1554283.08730686,1555486.17080226,1557892.33779307,1562704.67177468,1565110.83876549,1568960.70595078,1584841.40809011,1589172.50867356,1591578.67566437,1596391.00964598,1598797.17663679,1600000.26013219,1600722.11022944,51.5836302976465,51.5836302976465,1.11296615591869,50.8359936773693,52.3312669179236,1.1708426528286,1.1708426528286,0.00101056028475595,1.17016380749996,1.17152149815724,5058.36302976465,5058.36302976465,111.296615591869,4983.59936773693,5133.12669179236,1.03429582551463,1.03429582551463,0.000892706019403078,1.0336961489587,1.03489550207056,2.32363453954125,2.32363453954125,0.0501346374094015,2.28995652456096,2.35731255452154,100,0,0,100
2037,breeding.pairs,baseline,2011,TRUE,25,768347.61114041,0,768347.61114041,768347.61114041,768347.61114041,768347.61114041,768347.61114041,768347.61114041,768347.61114041,768347.61114041,768347.61114041,768347.61114041,768347.61114041,768347.61114041,768347.61114041,768347.61114041,768347.61114041,25.1303733669491,25.1303733669491,0,25.1303733669491,25.1303733669491,1.13201923260647,1.13201923260647,0,1.13201923260647,1.13201923260647,2413.03733669491,2413.03733669491,0,2413.03733669491,2413.03733669491,1,1,0,1,1,1,1,0,1,1,100,100,0,100
2037,breeding.pairs,scen1,2011,TRUE,25,1622209.44282431,26399.5791410159,1622209.44282431,1603915.46782185,1604475.48746478,1605408.85353634,1607275.58567944,1611009.04996566,1612875.78210877,1615862.55353774,1628182.98568226,1631543.10353985,1633409.83568296,1637143.29996918,1639010.03211229,1639943.39818384,1640503.41782677,53.0576634670054,53.0576634670054,0.863451998711058,52.4776383416636,53.6376885923472,1.16502542337721,1.16502542337721,0.00072924133166015,1.16453555446101,1.16551529229341,5205.76634670054,5205.76634670054,86.3451998711057,5147.76383416636,5263.76885923472,1.02915691696751,1.02915691696751,0.000644195178540593,1.02872417792732,1.02958965600771,2.11129626656425,2.11129626656425,0.0343589005265893,2.08821562558561,2.1343769075429,100,0,0,100
2037,breeding.pairs,scen2,2011,TRUE,25,978576.409034498,1207.9748928845,978576.409034498,977739.325141002,977764.95015815,977807.658520063,977893.075243889,978063.908691541,978149.325415367,978285.992173489,978849.742550742,979003.492653629,979088.909377455,979259.742825108,979345.159548934,979387.867910847,979413.492927995,32.006334334306,32.006334334306,0.0395092789200325,31.979793919214,32.0328747493979,1.1425985899818,1.1425985899818,5.42479850796974e-05,1.14256214881959,1.14263503114401,3100.6334334306,3100.6334334306,3.95092789200345,3097.9793919214,3103.28747493979,1.00934556328249,1.00934556328249,4.79214341215984e-05,1.00931337199001,1.00937775457497,1.27361157221802,1.27361157221802,0.00157217238053433,1.27255546315412,1.27466768128192,100,0,0,100
2037,breeding.pairs,scen3,2011,TRUE,25,1846890.09840294,41360.0061371912,1846890.09840294,1818229.0764096,1819106.45463389,1820568.75167437,1823493.34575532,1829342.53391722,1832267.12799818,1836946.4785277,1856248.79946199,1861513.0688077,1864437.66288865,1870286.85105056,1873211.44513151,1874673.74217199,1875551.12039627,60.4063018712315,60.4063018712315,1.3527632306219,59.4975812202046,61.3150225222585,1.17084970121442,1.17084970121442,0.00100856430538262,1.1701721966878,1.17152720574103,5940.63018712315,5940.63018712315,135.27632306219,5849.75812202046,6031.50225222585,1.03430195131803,1.03430195131803,0.000890942729886611,1.03370345925438,1.03490044338168,2.40371684850001,2.40371684850001,0.0538298102805359,2.36755659581463,2.4398771011854,100,0,0,100
2038,breeding.pairs,baseline,2011,TRUE,26,869786.090574397,0,869786.090574397,869786.090574397,869786.090574397,869786.090574397,869786.090574397,869786.090574397,869786.090574397,869786.090574397,869786.090574397,869786.090574397,869786.090574397,869786.090574397,869786.090574397,869786.090574397,869786.090574397,28.4481254169205,28.4481254169205,0,28.4481254169205,28.4481254169205,1.13201932021316,1.13201932021316,0,1.13201932021316,1.13201932021316,2744.81254169205,2744.81254169205,0,2744.81254169205,2744.81254169205,1,1,0,1,1,1,1,0,1,1,100,100,0,100
2038,breeding.pairs,scen1,2011,TRUE,26,1891850.31490352,32043.317888321,1891850.31490352,1869645.42848038,1870325.1699015,1871458.07227003,1873723.87700708,1878255.48648119,1880521.29121824,1884146.57879753,1899100.89006209,1903179.33858879,1905445.14332585,1909976.75279996,1912242.55753701,1913375.45990554,1914055.20132666,61.8768173136385,61.8768173136385,1.04804196795009,61.1727936102582,62.5808410170188,1.16506934859967,1.16506934859967,0.000730902516434273,1.1645783637802,1.16556033341914,6087.68173136385,6087.68173136385,104.804196795009,6017.27936102582,6158.08410170188,1.02919563985913,1.02919563985913,0.000645662581356512,1.02876191508897,1.02962936462928,2.175075383942,2.175075383942,0.0368404579419751,2.15032775319085,2.19982301469315,100,0,0,100
2038,breeding.pairs,scen2,2011,TRUE,26,1119163.76509025,1448.53604801603,1119163.76509025,1118159.98082115,1118190.70891102,1118241.92239414,1118344.34936037,1118549.20329284,1118651.63025908,1118815.51340505,1119491.5313822,1119675.89992142,1119778.32688766,1119983.18082012,1120085.60778636,1120136.82126948,1120167.54935935,36.6045301211184,36.6045301211184,0.0473773214028744,36.5727043371419,36.6363559050949,1.14263807401018,1.14263807401018,5.47747892024326e-05,1.14260127896654,1.14267486905382,3560.45301211184,3560.45301211184,4.73773214028715,3557.27043371419,3563.63559050949,1.00938036445794,1.00938036445794,4.83867971372237e-05,1.00934786055718,1.00941286835869,1.28671149977941,1.28671149977941,0.00166539343835604,1.28559276933548,1.28783023022333,100,0,0,100
2038,breeding.pairs,scen3,2011,TRUE,26,2162779.13606189,50200.0706709562,2162779.13606189,2127992.26188216,2129057.16619378,2130832.00671316,2134381.68775191,2141481.0498294,2145030.73086815,2150710.22053014,2174138.11538588,2180527.54125562,2184077.22229437,2191176.58437187,2194726.26541062,2196501.10592999,2197566.01024161,70.7380961578216,70.7380961578216,1.64189554404409,69.6351504582878,71.8410418573555,1.17085629112694,1.17085629112694,0.0010066324669868,1.17018008431555,1.17153249793833,6973.80961578216,6973.80961578216,164.189554404409,6863.51504582878,7084.10418573555,1.03430769265181,1.03430769265181,0.000889236119041878,1.03371034700645,1.03490503829717,2.48656440876585,2.48656440876585,0.0577154213144573,2.44779399126489,2.52533482626682,100,0,0,100
2039,breeding.pairs,baseline,2011,TRUE,27,984616.954633831,0,984616.954633831,984616.954633831,984616.954633831,984616.954633831,984616.954633831,984616.954633831,984616.954633831,984616.954633831,984616.954633831,984616.954633831,984616.954633831,984616.954633831,984616.954633831,984616.954633831,984616.954633831,32.2039026797401,32.2039026797401,0,32.2039026797401,32.2039026797401,1.13201941447477,1.13201941447477,0,1.13201941447477,1.13201941447477,3120.39026797401,3120.39026797401,0,3120.39026797401,3120.39026797401,1,1,0,1,1,1,1,0,1,1,100,100,0,100
2039,breeding.pairs,scen1,2011,TRUE,27,2206311.62994429,38833.3737579938,2206311.62994429,2179401.47486208,2180225.2551197,2181598.22221573,2184344.15640779,2189836.02479192,2192581.95898398,2196975.45369128,2215098.6193589,2220041.30090461,2222787.23509667,2228279.1034808,2231025.03767286,2232398.00476889,2233221.78502651,72.1619150244354,72.1619150244354,1.27012457315799,71.3087070107353,73.0151230381355,1.16511015132586,1.16511015132586,0.00073243589518658,1.164618136457,1.16560216619472,7116.19150244354,7116.19150244354,127.012457315798,7030.87070107353,7201.51230381355,1.02923159835244,1.02923159835244,0.000647017079231166,1.02879696369639,1.02966623300849,2.24078167612379,2.24078167612379,0.0394400823337797,2.21428774393845,2.26727560830912,100,0,0,100
2039,breeding.pairs,scen2,2011,TRUE,27,1279949.19049736,1733.47657835602,1279949.19049736,1278747.95251465,1278784.72510596,1278846.01275814,1278968.5880625,1279213.73867121,1279336.31397557,1279532.43446255,1280341.43147131,1280562.06701916,1280684.64232351,1280929.79293223,1281052.36823659,1281113.65588877,1281150.42848008,41.8633448995588,41.8633448995588,0.0566968817307718,41.825258687492,41.9014311116255,1.14267475679906,1.14267475679906,5.52700659375245e-05,1.14263762905256,1.14271188454556,4086.33448995588,4086.33448995588,5.66968817307752,4082.5258687492,4090.14311116255,1.00941268514307,1.00941268514307,4.88243092219537e-05,1.00937988734294,1.0094454829432,1.2999463237695,1.2999463237695,0.00176055934259287,1.29876366549216,1.30112898204683,100,0,0,100
2039,breeding.pairs,scen3,2011,TRUE,27,2532701.3286006,60849.2617278829,2532701.3286006,2490534.94151458,2491825.74928252,2493977.09556242,2498279.78812222,2506885.17324181,2511187.86580161,2518072.17389729,2546469.94479195,2554214.79139959,2558517.48395939,2567122.86907899,2571425.56163878,2573576.90791868,2574867.71568662,82.8371548136043,82.8371548136043,1.9901990247035,81.5002357486396,84.1740738785691,1.17086246365701,1.17086246365701,0.00100475672062513,1.17018751688094,1.17153741043307,8183.71548136043,8183.71548136043,199.01990247035,8050.02357486396,8317.40738785691,1.03431305919807,1.03431305919807,0.000887579053660775,1.03371682668877,1.03490929170737,2.5722706852458,2.5722706852458,0.0617999328992992,2.53075649119733,2.61378487929427,100,0,0,100
